--
-- PostgreSQL database dump
--

-- Dumped from database version 12.9 (Ubuntu 12.9-2.pgdg20.04+1)
-- Dumped by pg_dump version 12.9 (Ubuntu 12.9-2.pgdg20.04+1)

SET statement_timeout = 0;
SET lock_timeout = 0;
SET idle_in_transaction_session_timeout = 0;
SET client_encoding = 'UTF8';
SET standard_conforming_strings = on;
SELECT pg_catalog.set_config('search_path', '', false);
SET check_function_bodies = false;
SET xmloption = content;
SET client_min_messages = warning;
SET row_security = off;

DROP DATABASE universe;
--
-- Name: universe; Type: DATABASE; Schema: -; Owner: freecodecamp
--

CREATE DATABASE universe WITH TEMPLATE = template0 ENCODING = 'UTF8' LC_COLLATE = 'C.UTF-8' LC_CTYPE = 'C.UTF-8';


ALTER DATABASE universe OWNER TO freecodecamp;

\connect universe

SET statement_timeout = 0;
SET lock_timeout = 0;
SET idle_in_transaction_session_timeout = 0;
SET client_encoding = 'UTF8';
SET standard_conforming_strings = on;
SELECT pg_catalog.set_config('search_path', '', false);
SET check_function_bodies = false;
SET xmloption = content;
SET client_min_messages = warning;
SET row_security = off;

SET default_tablespace = '';

SET default_table_access_method = heap;

--
-- Name: galaxy; Type: TABLE; Schema: public; Owner: freecodecamp
--

CREATE TABLE public.galaxy (
    galaxy_id integer NOT NULL,
    name character varying(40) NOT NULL,
    number_of_planets integer NOT NULL,
    description text,
    number_of_stars_in_millions integer
);


ALTER TABLE public.galaxy OWNER TO freecodecamp;

--
-- Name: galaxy_galaxy_id_seq; Type: SEQUENCE; Schema: public; Owner: freecodecamp
--

CREATE SEQUENCE public.galaxy_galaxy_id_seq
    AS integer
    START WITH 1
    INCREMENT BY 1
    NO MINVALUE
    NO MAXVALUE
    CACHE 1;


ALTER TABLE public.galaxy_galaxy_id_seq OWNER TO freecodecamp;

--
-- Name: galaxy_galaxy_id_seq; Type: SEQUENCE OWNED BY; Schema: public; Owner: freecodecamp
--

ALTER SEQUENCE public.galaxy_galaxy_id_seq OWNED BY public.galaxy.galaxy_id;


--
-- Name: moon; Type: TABLE; Schema: public; Owner: freecodecamp
--

CREATE TABLE public.moon (
    moon_id integer NOT NULL,
    name character varying(40) NOT NULL,
    is_spherical boolean,
    sisters integer NOT NULL,
    planet_id integer NOT NULL
);


ALTER TABLE public.moon OWNER TO freecodecamp;

--
-- Name: moon_moon_id_seq; Type: SEQUENCE; Schema: public; Owner: freecodecamp
--

CREATE SEQUENCE public.moon_moon_id_seq
    AS integer
    START WITH 1
    INCREMENT BY 1
    NO MINVALUE
    NO MAXVALUE
    CACHE 1;


ALTER TABLE public.moon_moon_id_seq OWNER TO freecodecamp;

--
-- Name: moon_moon_id_seq; Type: SEQUENCE OWNED BY; Schema: public; Owner: freecodecamp
--

ALTER SEQUENCE public.moon_moon_id_seq OWNED BY public.moon.moon_id;


--
-- Name: moon_planet_id_seq; Type: SEQUENCE; Schema: public; Owner: freecodecamp
--

CREATE SEQUENCE public.moon_planet_id_seq
    AS integer
    START WITH 1
    INCREMENT BY 1
    NO MINVALUE
    NO MAXVALUE
    CACHE 1;


ALTER TABLE public.moon_planet_id_seq OWNER TO freecodecamp;

--
-- Name: moon_planet_id_seq; Type: SEQUENCE OWNED BY; Schema: public; Owner: freecodecamp
--

ALTER SEQUENCE public.moon_planet_id_seq OWNED BY public.moon.planet_id;


--
-- Name: planet; Type: TABLE; Schema: public; Owner: freecodecamp
--

CREATE TABLE public.planet (
    planet_id integer NOT NULL,
    name character varying(40) NOT NULL,
    has_life boolean NOT NULL,
    description text,
    can_support_life boolean
);


ALTER TABLE public.planet OWNER TO freecodecamp;

--
-- Name: planet_planet_id_seq; Type: SEQUENCE; Schema: public; Owner: freecodecamp
--

CREATE SEQUENCE public.planet_planet_id_seq
    AS integer
    START WITH 1
    INCREMENT BY 1
    NO MINVALUE
    NO MAXVALUE
    CACHE 1;


ALTER TABLE public.planet_planet_id_seq OWNER TO freecodecamp;

--
-- Name: planet_planet_id_seq; Type: SEQUENCE OWNED BY; Schema: public; Owner: freecodecamp
--

ALTER SEQUENCE public.planet_planet_id_seq OWNED BY public.planet.planet_id;


--
-- Name: solar_system; Type: TABLE; Schema: public; Owner: freecodecamp
--

CREATE TABLE public.solar_system (
    solar_system_id integer NOT NULL,
    name character varying(40) NOT NULL,
    description text
);


ALTER TABLE public.solar_system OWNER TO freecodecamp;

--
-- Name: solar_system_solar_system_id_seq; Type: SEQUENCE; Schema: public; Owner: freecodecamp
--

CREATE SEQUENCE public.solar_system_solar_system_id_seq
    AS integer
    START WITH 1
    INCREMENT BY 1
    NO MINVALUE
    NO MAXVALUE
    CACHE 1;


ALTER TABLE public.solar_system_solar_system_id_seq OWNER TO freecodecamp;

--
-- Name: solar_system_solar_system_id_seq; Type: SEQUENCE OWNED BY; Schema: public; Owner: freecodecamp
--

ALTER SEQUENCE public.solar_system_solar_system_id_seq OWNED BY public.solar_system.solar_system_id;


--
-- Name: star; Type: TABLE; Schema: public; Owner: freecodecamp
--

CREATE TABLE public.star (
    star_id integer NOT NULL,
    name character varying(40) NOT NULL,
    galaxy_id integer NOT NULL,
    age_in_millions_of_years numeric NOT NULL,
    luminosity integer
);


ALTER TABLE public.star OWNER TO freecodecamp;

--
-- Name: star_galaxy_id_seq; Type: SEQUENCE; Schema: public; Owner: freecodecamp
--

CREATE SEQUENCE public.star_galaxy_id_seq
    AS integer
    START WITH 1
    INCREMENT BY 1
    NO MINVALUE
    NO MAXVALUE
    CACHE 1;


ALTER TABLE public.star_galaxy_id_seq OWNER TO freecodecamp;

--
-- Name: star_galaxy_id_seq; Type: SEQUENCE OWNED BY; Schema: public; Owner: freecodecamp
--

ALTER SEQUENCE public.star_galaxy_id_seq OWNED BY public.star.galaxy_id;


--
-- Name: star_star_id_seq; Type: SEQUENCE; Schema: public; Owner: freecodecamp
--

CREATE SEQUENCE public.star_star_id_seq
    AS integer
    START WITH 1
    INCREMENT BY 1
    NO MINVALUE
    NO MAXVALUE
    CACHE 1;


ALTER TABLE public.star_star_id_seq OWNER TO freecodecamp;

--
-- Name: star_star_id_seq; Type: SEQUENCE OWNED BY; Schema: public; Owner: freecodecamp
--

ALTER SEQUENCE public.star_star_id_seq OWNED BY public.star.star_id;


--
-- Name: galaxy galaxy_id; Type: DEFAULT; Schema: public; Owner: freecodecamp
--

ALTER TABLE ONLY public.galaxy ALTER COLUMN galaxy_id SET DEFAULT nextval('public.galaxy_galaxy_id_seq'::regclass);


--
-- Name: moon moon_id; Type: DEFAULT; Schema: public; Owner: freecodecamp
--

ALTER TABLE ONLY public.moon ALTER COLUMN moon_id SET DEFAULT nextval('public.moon_moon_id_seq'::regclass);


--
-- Name: moon planet_id; Type: DEFAULT; Schema: public; Owner: freecodecamp
--

ALTER TABLE ONLY public.moon ALTER COLUMN planet_id SET DEFAULT nextval('public.moon_planet_id_seq'::regclass);


--
-- Name: planet planet_id; Type: DEFAULT; Schema: public; Owner: freecodecamp
--

ALTER TABLE ONLY public.planet ALTER COLUMN planet_id SET DEFAULT nextval('public.planet_planet_id_seq'::regclass);


--
-- Name: solar_system solar_system_id; Type: DEFAULT; Schema: public; Owner: freecodecamp
--

ALTER TABLE ONLY public.solar_system ALTER COLUMN solar_system_id SET DEFAULT nextval('public.solar_system_solar_system_id_seq'::regclass);


--
-- Name: star star_id; Type: DEFAULT; Schema: public; Owner: freecodecamp
--

ALTER TABLE ONLY public.star ALTER COLUMN star_id SET DEFAULT nextval('public.star_star_id_seq'::regclass);


--
-- Name: star galaxy_id; Type: DEFAULT; Schema: public; Owner: freecodecamp
--

ALTER TABLE ONLY public.star ALTER COLUMN galaxy_id SET DEFAULT nextval('public.star_galaxy_id_seq'::regclass);


--
-- Data for Name: galaxy; Type: TABLE DATA; Schema: public; Owner: freecodecamp
--

INSERT INTO public.galaxy VALUES (1, 'Milky Way', 8, 'The galaxy where humans live', 100000);
INSERT INTO public.galaxy VALUES (2, 'Andromeda', 500, 'Milky way bigger neighbour', 1000000);
INSERT INTO public.galaxy VALUES (3, 'Sagitarius', 50, 'A small galaxy recently found', 2000);
INSERT INTO public.galaxy VALUES (4, 'Sombrero', 150, 'A galaxy with the form of a hat!', 1200);
INSERT INTO public.galaxy VALUES (5, 'Cigar', 190, 'A galaxy with the form of a cigar!', 300000);
INSERT INTO public.galaxy VALUES (6, 'Cat eye', 390, 'A galaxy with the shape of a cat eye', 1000000);


--
-- Data for Name: moon; Type: TABLE DATA; Schema: public; Owner: freecodecamp
--

INSERT INTO public.moon VALUES (3, 'The moon', true, 0, 1);
INSERT INTO public.moon VALUES (4, 'Deimos', false, 1, 2);
INSERT INTO public.moon VALUES (5, 'Phobos', true, 1, 2);
INSERT INTO public.moon VALUES (6, 'Lapetus', false, 82, 3);
INSERT INTO public.moon VALUES (7, 'Titan', true, 82, 3);
INSERT INTO public.moon VALUES (8, 'Hyperion', false, 82, 3);
INSERT INTO public.moon VALUES (9, 'Enceladus', true, 82, 3);
INSERT INTO public.moon VALUES (10, 'Mimas', false, 82, 3);
INSERT INTO public.moon VALUES (11, 'Tethys', false, 82, 3);
INSERT INTO public.moon VALUES (12, 'Metis', true, 79, 4);
INSERT INTO public.moon VALUES (13, 'Adrastea', false, 79, 4);
INSERT INTO public.moon VALUES (14, 'Amalthea', false, 79, 4);
INSERT INTO public.moon VALUES (15, 'Thebe', false, 79, 4);
INSERT INTO public.moon VALUES (16, 'Io', true, 79, 4);
INSERT INTO public.moon VALUES (17, 'Europa', true, 79, 4);
INSERT INTO public.moon VALUES (18, 'Ganymede', false, 79, 4);
INSERT INTO public.moon VALUES (19, 'Callisto', false, 79, 4);
INSERT INTO public.moon VALUES (20, 'Triton', false, 13, 5);
INSERT INTO public.moon VALUES (21, 'Naiad', false, 13, 5);
INSERT INTO public.moon VALUES (22, 'Despina', false, 13, 4);


--
-- Data for Name: planet; Type: TABLE DATA; Schema: public; Owner: freecodecamp
--

INSERT INTO public.planet VALUES (1, 'Earth', true, 'The planet where humans live', NULL);
INSERT INTO public.planet VALUES (2, 'Mars', false, 'The planet that is near Earth', NULL);
INSERT INTO public.planet VALUES (3, 'Saturn', false, 'A planet with rings', NULL);
INSERT INTO public.planet VALUES (4, 'Jupyter', false, 'The biggest planet in our solar system', NULL);
INSERT INTO public.planet VALUES (5, 'Neptune', false, 'The furthest planet in our solar system', NULL);
INSERT INTO public.planet VALUES (6, 'Venus', false, 'Thhottest planet in our solar system', NULL);
INSERT INTO public.planet VALUES (7, 'TOI-1452b', false, 'A planet that probably has water', NULL);
INSERT INTO public.planet VALUES (8, 'WASP-103a', false, 'A planet with the shape of a rugby ball', NULL);
INSERT INTO public.planet VALUES (9, 'TYC-889', false, 'A gas gian similar to Jupyter', NULL);
INSERT INTO public.planet VALUES (10, 'PA-99-N2', false, 'A planet in the Andromeda galaxy', NULL);
INSERT INTO public.planet VALUES (11, 'Kepler-22b', false, 'A planet 4.5 times bigger than Earth', NULL);
INSERT INTO public.planet VALUES (12, 'Gliese 667C', false, 'A planet that may be suitable for life', NULL);


--
-- Data for Name: solar_system; Type: TABLE DATA; Schema: public; Owner: freecodecamp
--

INSERT INTO public.solar_system VALUES (1, 'The solar system', 'The solar system where Earth is found');
INSERT INTO public.solar_system VALUES (2, '51 Pegasi', 'This one is real far from ours');
INSERT INTO public.solar_system VALUES (3, '71 Virginis', 'This one is relatively near ours');


--
-- Data for Name: star; Type: TABLE DATA; Schema: public; Owner: freecodecamp
--

INSERT INTO public.star VALUES (2, 'Alpheratz', 2, 97.2, NULL);
INSERT INTO public.star VALUES (3, 'Mirach', 2, 199.8, NULL);
INSERT INTO public.star VALUES (4, 'HD 172910', 3, 470.20, NULL);
INSERT INTO public.star VALUES (5, 'HD 189245', 3, 72.23, NULL);
INSERT INTO public.star VALUES (6, 'Ms 11245', 4, 132.12, NULL);
INSERT INTO public.star VALUES (1, 'The sun', 1, 6.5, -1);


--
-- Name: galaxy_galaxy_id_seq; Type: SEQUENCE SET; Schema: public; Owner: freecodecamp
--

SELECT pg_catalog.setval('public.galaxy_galaxy_id_seq', 6, true);


--
-- Name: moon_moon_id_seq; Type: SEQUENCE SET; Schema: public; Owner: freecodecamp
--

SELECT pg_catalog.setval('public.moon_moon_id_seq', 22, true);


--
-- Name: moon_planet_id_seq; Type: SEQUENCE SET; Schema: public; Owner: freecodecamp
--

SELECT pg_catalog.setval('public.moon_planet_id_seq', 1, false);


--
-- Name: planet_planet_id_seq; Type: SEQUENCE SET; Schema: public; Owner: freecodecamp
--

SELECT pg_catalog.setval('public.planet_planet_id_seq', 12, true);


--
-- Name: solar_system_solar_system_id_seq; Type: SEQUENCE SET; Schema: public; Owner: freecodecamp
--

SELECT pg_catalog.setval('public.solar_system_solar_system_id_seq', 3, true);


--
-- Name: star_galaxy_id_seq; Type: SEQUENCE SET; Schema: public; Owner: freecodecamp
--

SELECT pg_catalog.setval('public.star_galaxy_id_seq', 1, false);


--
-- Name: star_star_id_seq; Type: SEQUENCE SET; Schema: public; Owner: freecodecamp
--

SELECT pg_catalog.setval('public.star_star_id_seq', 6, true);


--
-- Name: galaxy galaxy_description_key; Type: CONSTRAINT; Schema: public; Owner: freecodecamp
--

ALTER TABLE ONLY public.galaxy
    ADD CONSTRAINT galaxy_description_key UNIQUE (description);


--
-- Name: galaxy galaxy_pkey; Type: CONSTRAINT; Schema: public; Owner: freecodecamp
--

ALTER TABLE ONLY public.galaxy
    ADD CONSTRAINT galaxy_pkey PRIMARY KEY (galaxy_id);


--
-- Name: moon moon_moon_id_key; Type: CONSTRAINT; Schema: public; Owner: freecodecamp
--

ALTER TABLE ONLY public.moon
    ADD CONSTRAINT moon_moon_id_key UNIQUE (moon_id);


--
-- Name: moon moon_pkey; Type: CONSTRAINT; Schema: public; Owner: freecodecamp
--

ALTER TABLE ONLY public.moon
    ADD CONSTRAINT moon_pkey PRIMARY KEY (moon_id);


--
-- Name: planet planet_description_key; Type: CONSTRAINT; Schema: public; Owner: freecodecamp
--

ALTER TABLE ONLY public.planet
    ADD CONSTRAINT planet_description_key UNIQUE (description);


--
-- Name: planet planet_pkey; Type: CONSTRAINT; Schema: public; Owner: freecodecamp
--

ALTER TABLE ONLY public.planet
    ADD CONSTRAINT planet_pkey PRIMARY KEY (planet_id);


--
-- Name: solar_system solar_system_description_key; Type: CONSTRAINT; Schema: public; Owner: freecodecamp
--

ALTER TABLE ONLY public.solar_system
    ADD CONSTRAINT solar_system_description_key UNIQUE (description);


--
-- Name: solar_system solar_system_name_key; Type: CONSTRAINT; Schema: public; Owner: freecodecamp
--

ALTER TABLE ONLY public.solar_system
    ADD CONSTRAINT solar_system_name_key UNIQUE (name);


--
-- Name: solar_system solar_system_pkey; Type: CONSTRAINT; Schema: public; Owner: freecodecamp
--

ALTER TABLE ONLY public.solar_system
    ADD CONSTRAINT solar_system_pkey PRIMARY KEY (solar_system_id);


--
-- Name: star star_pkey; Type: CONSTRAINT; Schema: public; Owner: freecodecamp
--

ALTER TABLE ONLY public.star
    ADD CONSTRAINT star_pkey PRIMARY KEY (star_id);


--
-- Name: star star_star_id_key; Type: CONSTRAINT; Schema: public; Owner: freecodecamp
--

ALTER TABLE ONLY public.star
    ADD CONSTRAINT star_star_id_key UNIQUE (star_id);


--
-- Name: moon moon_planet_id_fkey; Type: FK CONSTRAINT; Schema: public; Owner: freecodecamp
--

ALTER TABLE ONLY public.moon
    ADD CONSTRAINT moon_planet_id_fkey FOREIGN KEY (planet_id) REFERENCES public.planet(planet_id);


--
-- Name: star star_galaxy_id_fkey; Type: FK CONSTRAINT; Schema: public; Owner: freecodecamp
--

ALTER TABLE ONLY public.star
    ADD CONSTRAINT star_galaxy_id_fkey FOREIGN KEY (galaxy_id) REFERENCES public.galaxy(galaxy_id);


--
-- PostgreSQL database dump complete
--

